candidate_page,target_intent,primary_keyword,secondary_keywords,audience,unique_content_rationale,parent_hub,supporting_internal_links,conversion_offer,compliance_risks,recommendation
Financial Planning for Physicians in Cleveland,Informational/commercial - physician-specific planning near Cleveland,financial planning for physicians cleveland,"physician financial advisor cleveland; doctor retirement planning ohio",Physicians,Combines variable-compensation and liability-exposure considerations unique to physicians with local relevance; not a template swap,Financial Planning + Physicians,"/services/financial-planning/, /who-we-help/physicians/, /locations/cleveland/",Complimentary financial review,Persona-overreach risk; requires compliance review of physician-specific claims,Build (Wave 1)
Wealth Management for Business Owners in Greater Cleveland,Commercial - owner-focused wealth management,wealth management for business owners cleveland,"business owner financial advisor cleveland; wealth management greater cleveland",Business owners,Distinct intent: integrates business and personal balance sheet considerations,Wealth Management + Business Owners,"/services/wealth-management/, /who-we-help/business-owners/",Business-owner financial review,Ensure no fee/return promises; succession-planning cross-links must stay educational,Build (Wave 1)
Retirement Planning for Executives in Shaker Heights,Commercial - hyperlocal executive retirement,retirement planning shaker heights,"executive retirement planning cleveland; shaker heights financial advisor",Corporate executives,"Local + persona overlap with genuine differentiation (equity comp, deferred comp considerations)",Retirement Planning + Executives + Shaker Heights,"/services/retirement-planning/, /who-we-help/corporate-executives/, /locations/shaker-heights/",Retirement review,Verify no implied local office if none exists,"Build (Wave 1, pending office/service-area confirmation)"
Business Succession Planning in Cleveland,Commercial - succession planning local intent,business succession planning cleveland,"exit planning cleveland; sell my business cleveland ohio",Business owners,Distinct topic (succession/exit) with local modifier; genuine search volume likely,Business Succession Planning + Cleveland,"/services/business-succession-planning/, /who-we-help/business-owners/, /locations/cleveland/",Business-owner financial review,Coordinate with legal/tax disclaimer language,Build (Wave 2)
Financial Planning for Contractors in Northeast Ohio,Commercial - trade-business owner planning,financial planning for contractors northeast ohio,"contractor retirement planning ohio; trade business financial advisor",Contractors; trade-business owners,"Persona is distinct from generic business owner (cash-flow seasonality, equipment financing)",Financial Planning + Contractors,"/services/financial-planning/, /who-we-help/contractors/",Business-owner financial review,Avoid implying guaranteed cash-flow improvement,Defer — validate search volume first
Wealth Planning for Manufacturing Leaders in Greater Cleveland,Commercial - manufacturing executive/owner planning,wealth planning manufacturing leaders cleveland,"manufacturing business owner financial advisor ohio",Manufacturing executives/owners,Distinct persona with succession and equipment-capital considerations,Wealth Management + Manufacturing Leaders,"/services/wealth-management/, /who-we-help/manufacturing-leaders/",Business-owner financial review,Avoid industry-wide generalizations,Defer — validate search volume first
Retirement Planning in Willoughby,Commercial - hyperlocal retirement,retirement planning willoughby ohio,"financial advisor willoughby",Pre-retirees; retirees,"Location-only variant; must add genuinely local content, not city-swap",Retirement Planning + Willoughby,"/services/retirement-planning/, /locations/willoughby/",Retirement review,Risk of doorway-page pattern if content is thin,Merge into /locations/willoughby/ location page rather than standalone
Financial Advisor Serving Cleveland Heights,Commercial - branded local intent,financial advisor cleveland heights,"financial planning cleveland heights ohio",General,Overlaps heavily with the Cleveland Heights location hub,Locations,/locations/cleveland-heights/,Schedule a conversation,Duplicate-content risk vs. location hub,Reject as standalone — covered by /locations/cleveland-heights/
Financial Planning in Pepper Pike,Commercial - hyperlocal near Beachwood cluster,financial planning pepper pike ohio,"financial advisor pepper pike",General; HNW families,Small affluent suburb adjacent to Beachwood/Orange with genuine but limited differentiation risk,Locations,"/locations/beachwood/, /who-we-help/high-net-worth-families/",Schedule a conversation,High overlap risk with Beachwood/Shaker Heights coverage -- needs genuinely distinct content not a city-swap,"Defer -- build after Wave 2 priority tier below, merge into Beachwood page's service area language if overlap proves too high"
Financial Planning in Hudson,Commercial - distinct southern-market location,financial planning hudson ohio,"financial advisor hudson ohio; retirement planning hudson ohio",General; business owners,Summit County market geographically and demographically distinct from the Wave 1 east-side cluster,Locations,"/services/financial-planning/, /who-we-help/business-owners/",Schedule a conversation,Low overlap risk; genuine differentiation available,Build (Wave 2 priority)
Financial Planning in Independence,Commercial - corporate-office-hub location,financial planning independence ohio,"financial advisor independence ohio; corporate executive financial planning ohio",Corporate executives; business owners,Independence has a well-known concentration of corporate offices [FACT TO VERIFY] -- strong persona-specific differentiation available,Locations,"/services/executive-financial-planning/, /who-we-help/corporate-executives/",Schedule a conversation,Low overlap risk; distinct commercial character,Build (Wave 2 priority)
Financial Planning in Westlake,Commercial - west-side geographic gap,financial planning westlake ohio,"financial advisor westlake ohio",General,"Fills a real geographic gap -- all 7 Wave 1 locations are east-side/northeast; Westlake is the first west-side location",Locations,/services/financial-planning/,Schedule a conversation,None -- fills genuine coverage gap,Build (Wave 2 priority)
Financial Planning in Avon,Commercial - west-side growth suburb,financial planning avon ohio,"financial advisor avon ohio",General; business owners,"Adjacent to Westlake -- sequence after Westlake to avoid two thin west-side pages built simultaneously with unproven differentiation",Locations,"/services/financial-planning/, /locations/westlake/ (once built)",Schedule a conversation,Overlap risk with Westlake if built simultaneously without real differentiating content,Defer -- build after Westlake proves out
Financial Planning in Strongsville,Commercial - southwest-side geographic gap,financial planning strongsville ohio,"financial advisor strongsville ohio",General,Southwest gap in coverage; larger population base than several Wave 1 cities,Locations,/services/financial-planning/,Schedule a conversation,None -- fills genuine coverage gap,Build (Wave 2 priority)
Financial Planning in Lakewood,Commercial - inner-ring west-side location,financial planning lakewood ohio,"financial advisor lakewood ohio",General; younger professionals,"Distinct demographic character (denser, younger-professional inner-ring suburb) vs. the affluent east-side retiree/HNW-family cluster already covered",Locations,"/services/financial-planning/, /who-we-help/corporate-executives/",Schedule a conversation,None -- distinct persona mix from existing coverage,Build (Wave 2 priority)
Financial Planning in Mayfield Heights,Commercial - hyperlocal near existing east-side cluster,financial planning mayfield heights ohio,"financial advisor mayfield heights",General,Close geographic and demographic overlap with Beachwood/Cleveland Heights cluster,Locations,/locations/cleveland-heights/,Schedule a conversation,Highest overlap risk of the Wave 2 set,Defer -- revisit only if a genuinely distinct angle emerges
Financial Planning in Chagrin Falls,Commercial - distinct small-town/village character,financial planning chagrin falls ohio,"financial advisor chagrin falls ohio",HNW families,Genuinely distinct village character vs. suburban Wave 1 locations; likely lower search volume but higher-value audience,Locations,"/who-we-help/high-net-worth-families/, /services/estate-planning-coordination/",Schedule a conversation,Low overlap risk; small population may mean thin search volume -- worth building for audience quality even if traffic is modest,Build (Wave 2 priority)
